Latitude,Longitude,leg_heure,code_leg,speed,course
48.2730881,-4.8702421,23026_12_51_00,23026,,
48.277074,-4.8181043,23026_13_03_00,23026,,
48.2778459,-4.8140776,23026_13_04_00,23026,,
48.2802299,-4.8018516,23026_13_07_00,23026,,
48.2821726,-4.7935873,23026_13_09_00,23026,,
48.2844886,-4.7853245,23026_13_11_00,23026,,
48.2878699,-4.7726985,23026_13_14_00,23026,,
48.2886298,-4.7683955,23026_13_15_00,23026,,
48.2909001,-4.7555291,23026_13_18_00,23026,,
48.294971,-4.7343383,23026_13_23_00,23026,,
48.2969359,-4.7259556,23026_13_25_00,23026,,
48.2985309,-4.7174118,23026_13_27_00,23026,,
48.3166001,-4.6625547,23026_13_41_00,23026,,
48.3178107,-4.6588854,23026_13_42_00,23026,,
48.3287256,-4.6172259,23026_13_53_00,23026,,
48.3353016,-4.5947776,23026_13_59_00,23026,,
48.3115836666667,-4.71306133333333,23027_08_56_00,23027,,
48.3120591666667,-4.71720883333333,23027_08_57_00,23027,,
48.3131515,-4.725689,23027_08_59_00,23027,,
48.3163421666667,-4.751534,23027_09_05_00,23027,1.17,1.574
48.316151,-4.78229483333333,23028_09_12_00,23028,,
48.317864,-4.7859665,23028_09_13_00,23028,,
48.3204151666667,-4.78891166666667,23028_09_14_00,23028,,
48.3261555,-4.79446083333333,23028_09_16_00,23028,,
48.3292125,-4.7972055,23028_09_17_00,23028,,
48.3323343333333,-4.79993383333333,23028_09_18_00,23028,,
48.3354976666667,-4.80265833333333,23028_09_19_00,23028,,
48.3386651666667,-4.8053475,23028_09_20_00,23028,,
48.3418208333333,-4.80805883333333,23028_09_21_00,23028,,
48.3449661666667,-4.81074616666667,23028_09_22_00,23028,,
48.3483151666667,-4.812897,23029_09_23_00,23029,,
48.3519251666667,-4.8130625,23029_09_24_00,23029,,
48.3556636666667,-4.81304583333333,23029_09_25_00,23029,,
48.359451,-4.81259283333333,23029_09_26_00,23029,,
48.3671378333333,-4.811524,23029_09_28_00,23029,0.229,290.547
48.3709833333333,-4.81094983333333,23029_09_29_00,23029,,
48.3747521666667,-4.81088166666667,23029_09_30_00,23029,,
48.378446,-4.8109985,23029_09_31_00,23029,,
48.3856841666667,-4.81216833333333,23029_09_33_00,23029,,
48.3892548333333,-4.81315733333333,23029_09_34_00,23029,,
48.3927813333333,-4.814315,23029_09_35_00,23029,,
48.399527,-4.8174995,23029_09_37_00,23029,,
48.4260303333333,-4.82943783333333,23029_09_45_00,23029,,
48.4328256666667,-4.83230166666667,23029_09_47_00,23029,,
48.4362031666667,-4.8337585,23029_09_48_00,23029,,
48.4395533333333,-4.83527733333333,23029_09_49_00,23029,,
48.4428516666667,-4.836897,23029_09_50_00,23029,,
48.4461111666667,-4.83843583333333,23029_09_51_00,23029,,
48.4492996666667,-4.84003533333333,23029_09_52_00,23029,,
48.4525255,-4.84100783333333,23029_09_53_00,23029,,
48.4589085,-4.84242883333333,23029_09_55_00,23029,,
48.4653088333333,-4.84102966666667,23029_09_57_00,23029,,
48.4751401666667,-4.83899616666667,23029_10_00_00,23029,,
48.4784633333333,-4.83862766666667,23029_10_01_00,23029,,
48.4817843333333,-4.83813983333333,23029_10_02_00,23029,,
48.4851193333333,-4.83780883333333,23029_10_03_00,23029,,
48.4884736666667,-4.837487,23029_10_04_00,23029,,
48.4918246666667,-4.8371455,23029_10_05_00,23029,,
48.5121528333333,-4.83551616666667,23030_10_11_00,23030,,
48.5391316666667,-4.82736616666667,23030_10_19_00,23030,,
48.5967186666667,-4.78822333333333,23030_10_37_00,23030,,
48.6031985,-4.78366066666667,23030_10_39_00,23030,,
48.6181668333333,-4.769682,23030_10_44_00,23030,,
48.620516,-4.765603,23030_10_45_00,23030,,
48.749632,-4.55531916666667,23032_11_40_00,23032,,
48.7708113333333,-4.52124616666667,23032_11_49_00,23032,,
48.8110255,-4.45672166666667,23032_12_06_00,23032,,
48.839345,-4.41103,23032_12_18_00,23032,,
48.8558725,-4.3846325,23032_12_25_00,23032,,
48.8916303333333,-4.32695383333333,23032_12_40_00,23032,,
48.90112,-4.3117035,23032_12_44_00,23032,,
48.9176505,-4.28502666666667,23032_12_51_00,23032,,
48.9579445,-4.22006933333333,23032_13_08_00,23032,,
48.9671116666667,-4.2051555,23032_13_12_00,23032,,
49.023046,-4.11445183333333,23034_13_53_00,23034,,
49.027487,-4.10730133333333,23034_13_55_00,23034,,
49.0318953333333,-4.10030983333333,23034_13_57_00,23034,,
49.0737485,-4.03305766666667,23034_14_16_00,23034,,
49.0848151666667,-4.015146,23034_14_21_00,23034,,
49.0914213333333,-4.00442466666667,23034_14_24_00,23034,,
49.093643,-4.00090433333333,23034_14_25_00,23034,,
49.0979721666667,-3.993729,23034_14_27_00,23034,,
49.106709,-3.97969383333333,23034_14_31_00,23034,,
49.13957,-3.92648766666667,23034_14_46_00,23034,,
49.1440276666667,-3.91932,23034_14_48_00,23034,,
49.1483681666667,-3.91222916666667,23034_14_50_00,23034,,
49.2072448333333,-3.81677866666667,23034_15_17_00,23034,,
49.2138188333333,-3.80628416666667,23034_15_20_00,23034,,
49.2312756666667,-3.77787583333333,23034_15_28_00,23034,,
49.2530716666667,-3.74247366666667,23034_15_38_00,23034,,
49.2965485,-3.67195883333333,23034_15_58_00,23034,,
49.3183885,-3.63642166666667,23034_16_08_00,23034,,
49.3445083333333,-3.59413266666667,23034_16_20_00,23034,,
49.3616933333333,-3.56605533333333,23034_16_28_00,23034,,
49.3767055,-3.541629,23034_16_35_00,23034,,
49.3918375,-3.51707,23034_16_42_00,23034,,
50.3296757,0.2794494,23035_07_47_00,23035,,
50.3305825,0.2843412,23035_07_48_00,23035,,
50.3322905,0.2940493,23035_07_50_00,23035,,
50.3331504,0.2988348,23035_07_51_00,23035,,
50.3348367,0.3083787,23035_07_53_00,23035,,
50.3356726,0.3132106,23035_07_54_00,23035,,
50.3365589,0.3180488,23035_07_55_00,23035,,
50.3374271,0.3229082,23035_07_56_00,23035,,
50.3382983,0.3277054,23035_07_57_00,23035,,
50.3391652,0.3325428,23035_07_58_00,23035,,
50.3400504,0.3373875,23035_07_59_00,23035,,
50.3409326,0.3422491,23035_08_00_00,23035,,
50.3435329,0.3566686,23035_08_03_00,23035,,
50.3443788,0.3614537,23035_08_04_00,23035,,
50.3452545,0.3662201,23035_08_05_00,23035,,
50.3478754,0.380534,23035_08_08_00,23035,,
50.3487334,0.3853012,23035_08_09_00,23035,,
50.3496177,0.3900881,23035_08_10_00,23035,,
50.3522503,0.4043133,23035_08_13_00,23035,,
50.3539902,0.4137846,23035_08_15_00,23035,,
50.3548481,0.4184116,23035_08_16_00,23035,,
50.3564132,0.4278279,23035_08_18_00,23035,,
50.3599264,0.4466619,23035_08_22_00,23035,,
50.3617486,0.4560978,23035_08_24_00,23035,,
50.3626784,0.4608364,23035_08_25_00,23035,,
50.3672525,0.4844172,23035_08_30_00,23035,,
50.3681791,0.4890884,23035_08_31_00,23035,,
50.3726818,0.5124522,23035_08_36_00,23035,,
50.374438,0.5218069,23035_08_38_00,23035,,
50.3807714,0.5543085,23035_08_45_00,23035,,
50.3861027,0.5820565,23035_08_51_00,23035,,
50.387012,0.5867058,23035_08_52_00,23035,,
50.3905919,0.6052666,23035_08_56_00,23035,,
50.3914555,0.6099046,23035_08_57_00,23035,,
50.3923742,0.6144419,23035_08_58_00,23035,,
50.3941257,0.6236195,23035_09_00_00,23035,,
50.3959009,0.6327972,23035_09_02_00,23035,,
50.3976314,0.6419148,23035_09_04_00,23035,,
50.3985265,0.6464847,23035_09_05_00,23035,,
50.3994119,0.6511076,23035_09_06_00,23035,,
50.4003315,0.6556618,23035_09_07_00,23035,,
50.401221,0.6602618,23035_09_08_00,23035,,
50.4029521,0.6694438,23035_09_10_00,23035,,
50.4038548,0.67397,23035_09_11_00,23035,,
50.4046857,0.6784889,23035_09_12_00,23035,,
50.40557,0.682979,23035_09_13_00,23035,,
50.4064415,0.6875221,23035_09_14_00,23035,,
50.4082168,0.6965859,23035_09_16_00,23035,,
50.4090943,0.701152,23035_09_17_00,23035,,
50.4099696,0.7056939,23035_09_18_00,23035,,
50.4108791,0.7102533,23035_09_19_00,23035,,
50.4117133,0.7148274,23035_09_20_00,23035,,
50.4126272,0.7193384,23035_09_21_00,23035,,
50.4143516,0.7284845,23035_09_23_00,23035,,
50.4196166,0.755676,23035_09_29_00,23035,,
50.4239999,0.7784639,23035_09_34_00,23035,,
50.4257467,0.7875858,23035_09_36_00,23035,,
50.4335627,0.8280719,23035_09_45_00,23035,,
50.4344094,0.8325849,23035_09_46_00,23035,,
50.4352512,0.8370165,23035_09_47_00,23035,,
50.4361036,0.8414916,23035_09_48_00,23035,,
50.4369964,0.8459363,23035_09_49_00,23035,,
50.4378731,0.8503898,23035_09_50_00,23035,,
50.4387266,0.8548612,23035_09_51_00,23035,,
50.4404443,0.863755,23035_09_53_00,23035,,
50.4412979,0.8682576,23035_09_54_00,23035,,
50.4421496,0.8727776,23035_09_55_00,23035,,
50.4430289,0.8772835,23035_09_56_00,23035,,
50.4439147,0.8818171,23035_09_57_00,23035,,
50.4447492,0.8863267,23035_09_58_00,23035,,
50.4456269,0.8908685,23035_09_59_00,23035,,
50.4482459,0.9044538,23036_10_02_00,23036,,
50.4500018,0.9134938,23036_10_04_00,23036,,
50.4508735,0.918093,23036_10_05_00,23036,,
50.452631,0.9270334,23036_10_07_00,23036,,
50.4543656,0.9360845,23036_10_09_00,23036,,
50.4561032,0.9450365,23036_10_11_00,23036,,
50.4639652,0.9853685,23036_10_20_00,23036,,
50.4741317,1.0127628,23037_10_27_00,23037,,
50.4800988,1.0233574,23037_10_30_00,23037,,
50.5018987,1.0615583,23038_10_41_00,23038,,
50.5136309,1.0820764,23038_10_47_00,23038,,
50.5210834,1.0950524,23038_10_51_00,23038,,
50.5585134,1.1544561,23039_11_12_00,23039,,
50.5658904,1.164899,23039_11_16_00,23039,,
50.5675953,1.1677673,23039_11_17_00,23039,,
50.5692099,1.170762,23039_11_18_00,23039,,
50.5740363,1.1796958,23039_11_21_00,23039,,
50.5756425,1.1826849,23039_11_22_00,23039,,
50.577248,1.1856909,23039_11_23_00,23039,,
50.5788604,1.1886718,23039_11_24_00,23039,,
50.580456,1.1916923,23039_11_25_00,23039,,
50.5820083,1.1946487,23039_11_26_00,23039,,
50.5835917,1.1976023,23039_11_27_00,23039,,
50.5851697,1.2005794,23039_11_28_00,23039,,
50.5867317,1.2035279,23039_11_29_00,23039,,
50.5882672,1.2064927,23039_11_30_00,23039,,
50.5897725,1.2093146,23039_11_31_00,23039,,
50.5912672,1.2121337,23039_11_32_00,23039,,
50.5927229,1.21492,23039_11_33_00,23039,,
50.5941978,1.2176442,23039_11_34_00,23039,,
50.5956848,1.2204389,23039_11_35_00,23039,,
50.5971899,1.223239,23039_11_36_00,23039,,
50.6001843,1.2287924,23039_11_38_00,23039,,
50.6031668,1.2343534,23039_11_40_00,23039,,
50.6237841,1.2722235,23039_11_54_00,23039,,
50.6281518,1.2801589,23039_11_57_00,23039,,
50.6310307,1.2854691,23039_11_59_00,23039,,
50.6324676,1.2881159,23039_12_00_00,23039,,
50.6339184,1.2907921,23039_12_01_00,23039,,
50.6368093,1.2962291,23039_12_03_00,23039,,
50.6410995,1.3043825,23039_12_06_00,23039,,
50.6424963,1.3070726,23039_12_07_00,23039,,
50.6467214,1.3151425,23039_12_10_00,23039,,
50.6495355,1.3204982,23039_12_12_00,23039,,
50.6509263,1.323128,23039_12_13_00,23039,,
50.6551666,1.3310591,23039_12_16_00,23039,,
50.6609304,1.3414834,23039_12_20_00,23039,,
50.6623672,1.3441195,23039_12_21_00,23039,,
50.6637555,1.3466418,23039_12_22_00,23039,,
50.6651066,1.3491139,23039_12_23_00,23039,,
50.6690014,1.3563023,23039_12_26_00,23039,,
50.6715175,1.3609021,23039_12_28_00,23039,,
50.6761311,1.3700727,23039_12_32_00,23039,,
50.6772249,1.3723637,23039_12_33_00,23039,,
50.6804474,1.3791998,23040_12_36_00,23040,,
50.6815114,1.3814898,23040_12_37_00,23040,,
50.6825793,1.3836962,23040_12_38_00,23040,,
50.6845974,1.3880124,23040_12_40_00,23040,,
50.6872859,1.393807,23040_12_43_00,23040,,
50.7177495,1.5350206,23041_07_41_00,23041,,
50.7152357,1.5325512,23041_07_42_00,23041,,
50.7127445,1.530028,23041_07_43_00,23041,,
50.7102813,1.5275718,23041_07_44_00,23041,,
50.7078524,1.5251546,23041_07_45_00,23041,,
50.705455,1.5227461,23041_07_46_00,23041,,
50.7005731,1.5182923,23041_07_48_00,23041,,
50.6981363,1.5160591,23041_07_49_00,23041,,
50.6956919,1.5137398,23041_07_50_00,23041,,
50.6931926,1.5114875,23041_07_51_00,23041,,
50.6906819,1.5092479,23041_07_52_00,23041,,
50.688149,1.5070303,23041_07_53_00,23041,,
50.6856084,1.504821,23041_07_54_00,23041,,
50.6830589,1.5026553,23041_07_55_00,23041,,
50.6805245,1.5004931,23041_07_56_00,23041,,
50.6754208,1.4962658,23041_07_58_00,23041,,
50.6729163,1.4941069,23041_07_59_00,23041,,
50.6679469,1.4899755,23041_08_01_00,23041,,
50.6654601,1.487894,23041_08_02_00,23041,,
50.6629401,1.4857206,23041_08_03_00,23041,,
50.6524175,1.4781292,23041_08_07_00,23041,,
50.6496632,1.4765162,23041_08_08_00,23041,,
50.6216976,1.4629346,23043_08_18_00,23043,,
50.618919,1.4617002,23043_08_19_00,23043,,
50.6161424,1.4604481,23043_08_20_00,23043,,
50.6078248,1.4568012,23043_08_23_00,23043,,
50.6024946,1.4545182,23043_08_25_00,23043,,
50.5920306,1.4498995,23043_08_29_00,23043,,
50.5733603,1.4418095,23043_08_36_00,23043,,
50.5707575,1.4407117,23043_08_37_00,23043,,
50.5681679,1.4395939,23043_08_38_00,23043,,
50.5605125,1.4362089,23043_08_41_00,23043,,
50.5554059,1.4340267,23043_08_43_00,23043,,
50.5528347,1.4329268,23043_08_44_00,23043,,
50.5502306,1.4317711,23043_08_45_00,23043,,
50.547611,1.4306183,23043_08_46_00,23043,,
50.5449718,1.4295219,23043_08_47_00,23043,,
50.5397633,1.4272349,23043_08_49_00,23043,,
50.5373788,1.4261965,23043_08_50_00,23043,,
50.5340616,1.4268758,23045_09_39_00,23045,,
50.525373,1.4316069,23045_09_43_00,23045,,
50.5230027,1.4328912,23045_09_44_00,23045,,
50.5205871,1.4341792,23045_09_45_00,23045,,
50.5181541,1.4355004,23045_09_46_00,23045,,
50.5059554,1.4425078,23045_09_51_00,23045,,
50.5034497,1.4435749,23045_09_52_00,23045,,
50.5009676,1.4446425,23045_09_53_00,23045,,
50.4935569,1.4476874,23045_09_56_00,23045,,
50.4559943,1.4259644,23047_11_12_00,23047,,
50.4362203,1.3917236,23047_11_25_00,23047,,
50.4297017,1.3808568,23047_11_29_00,23047,,
50.4246173,1.3725184,23047_11_32_00,23047,,
50.4229242,1.36974,23047_11_33_00,23047,,
50.421253,1.3670123,23047_11_34_00,23047,,
50.41956,1.3642562,23047_11_35_00,23047,,
50.4178334,1.3614647,23047_11_36_00,23047,,
50.4144598,1.3559734,23047_11_38_00,23047,,
50.4111094,1.3504265,23047_11_40_00,23047,,
50.4094173,1.347636,23047_11_41_00,23047,,
50.407703,1.3447869,23047_11_42_00,23047,,
50.4059755,1.3419713,23047_11_43_00,23047,,
50.4008229,1.3334981,23047_11_46_00,23047,,
50.3990863,1.3306155,23047_11_47_00,23047,,
50.3973408,1.3277608,23047_11_48_00,23047,,
50.3937656,1.3219592,23047_11_50_00,23047,,
50.390209,1.3161806,23047_11_52_00,23047,,
50.386704,1.3105077,23047_11_54_00,23047,,
50.3849528,1.3076767,23047_11_55_00,23047,,
50.3831719,1.3048125,23047_11_56_00,23047,,
50.3796122,1.2990825,23047_11_58_00,23047,,
50.3759202,1.2932263,23047_12_00_00,23047,,
50.3740683,1.2903112,23047_12_01_00,23047,,
50.3722658,1.2874065,23047_12_02_00,23047,,
50.3704585,1.2845312,23047_12_03_00,23047,,
50.3650234,1.2759842,23047_12_06_00,23047,,
50.3632146,1.2731119,23047_12_07_00,23047,,
50.3542712,1.2589608,23047_12_12_00,23047,,
50.3524821,1.2560969,23047_12_13_00,23047,,
50.3506841,1.2532574,23047_12_14_00,23047,,
50.3487833,1.2505146,23047_12_15_00,23047,,
50.3448835,1.2453363,23047_12_17_00,23047,,
50.3390791,1.2374868,23047_12_20_00,23047,,
50.3371252,1.2348435,23047_12_21_00,23047,,
50.3332537,1.2295915,23047_12_23_00,23047,,
50.3294266,1.2243632,23047_12_25_00,23047,,
50.3235969,1.216485,23047_12_28_00,23047,,
50.3212493,1.2159021,23049_14_38_00,23049,,
50.3204778,1.2139037,23049_14_39_00,23049,,
50.3196627,1.2120585,23049_14_40_00,23049,,
50.2926468,1.149022,23049_15_06_00,23049,,
50.2778192,1.114343,23049_15_15_00,23049,,
50.2576954,1.0673057,23049_15_27_00,23049,,
50.2560162,1.0633202,23049_15_28_00,23049,,
50.244183,1.0356557,23049_15_35_00,23049,,
50.2408425,1.0278865,23049_15_37_00,23049,,
50.2274081,0.9964614,23049_15_45_00,23049,,
50.0858333,0.6990963,23052_08_59_00,23052,,
50.0830855,0.6982367,23052_09_01_00,23052,,
50.0796244,0.6968557,23052_09_03_00,23052,,
50.0760357,0.6940781,23052_09_05_00,23052,,
50.0722324,0.6912355,23052_09_07_00,23052,,
50.0702325,0.6899465,23052_09_08_00,23052,,
50.0662205,0.6872737,23052_09_10_00,23052,,
50.0642004,0.6859828,23052_09_11_00,23052,,
50.0622041,0.6847224,23052_09_12_00,23052,,
50.0562287,0.6809024,23052_09_15_00,23052,,
50.0521604,0.6782793,23052_09_17_00,23052,,
50.0501307,0.6769946,23052_09_18_00,23052,,
50.0481079,0.6756513,23052_09_19_00,23052,,
50.0460181,0.6743246,23052_09_20_00,23052,,
50.0418352,0.6716502,23052_09_22_00,23052,,
50.0397168,0.6703243,23052_09_23_00,23052,,
50.0376021,0.6689634,23052_09_24_00,23052,,
50.0333103,0.6662697,23052_09_26_00,23052,,
50.0290626,0.6636027,23052_09_28_00,23052,,
50.012502,0.6531846,23052_09_36_00,23052,,
50.008245,0.650539,23052_09_38_00,23052,,
49.9912396,0.6397171,23052_09_46_00,23052,,
49.9868996,0.6370658,23052_09_48_00,23052,,
49.9847374,0.6356949,23052_09_49_00,23052,,
49.980386,0.6329294,23052_09_51_00,23052,,
49.9511738,0.5888589,23054_10_42_00,23054,,
49.9502094,0.5853729,23054_10_43_00,23054,,
49.9472601,0.5750825,23054_10_46_00,23054,,
49.9463226,0.5716962,23054_10_47_00,23054,,
49.9443829,0.5648986,23054_10_49_00,23054,,
49.932476,0.5228503,23054_11_01_00,23054,,
49.9314524,0.5192828,23054_11_02_00,23054,,
49.9242289,0.4937597,23055_11_09_00,23055,,
49.921082,0.4826518,23055_11_12_00,23055,,
49.9189783,0.4752474,23055_11_14_00,23055,,
49.9137065,0.4565296,23055_11_19_00,23055,,
49.9126372,0.4528477,23055_11_20_00,23055,,
49.9115978,0.449202,23055_11_21_00,23055,,
49.9094923,0.4417524,23055_11_23_00,23055,,
49.90628,0.4304663,23056_11_26_00,23056,,
49.9009699,0.4116221,23056_11_31_00,23056,,
49.8895483,0.3712577,23056_11_42_00,23056,,
49.8801302,0.3379414,23056_11_51_00,23056,,
49.8683107,0.2962683,23056_12_02_00,23056,,
49.8627714,0.2768257,23056_12_07_00,23056,,
49.8562555,0.2538741,23056_12_13_00,23056,,
49.85517,0.2500153,23056_12_14_00,23056,,
49.8160927,0.1368356,23058_13_56_00,23058,,
49.8140053,0.1388086,23058_13_57_00,23058,,
49.7948421,0.1611577,23058_14_06_00,23058,,
49.7928526,0.1639738,23058_14_07_00,23058,,
49.7908779,0.166803,23058_14_08_00,23058,,
49.7870752,0.1720569,23058_14_10_00,23058,,
49.7853779,0.1743758,23058_14_11_00,23058,,
49.7638756,0.1582461,23060_14_41_00,23060,,
49.7590898,0.1542313,23060_14_43_00,23060,,
49.7539366,0.1499853,23060_14_45_00,23060,,
49.7454547,0.1434034,23060_14_48_00,23060,,
49.742467,0.1412994,23060_14_49_00,23060,,
49.7394419,0.1391922,23060_14_50_00,23060,,
49.736413,0.1371307,23060_14_51_00,23060,,
49.7333835,0.1350477,23060_14_52_00,23060,,
49.7303404,0.1330221,23060_14_53_00,23060,,
49.7273309,0.1309282,23060_14_54_00,23060,,
49.7243199,0.128843,23060_14_55_00,23060,,
49.7212942,0.1268032,23060_14_56_00,23060,,
49.7182486,0.1248835,23060_14_57_00,23060,,
49.7151796,0.1229621,23060_14_58_00,23060,,
49.712092,0.1210598,23060_14_59_00,23060,,
49.7089981,0.1191821,23060_15_00_00,23060,,
49.7059035,0.1173355,23060_15_01_00,23060,,
49.7027757,0.1155228,23060_15_02_00,23060,,
49.6996627,0.1137499,23060_15_03_00,23060,,
49.6965708,0.1120054,23060_15_04_00,23060,,
49.6935305,0.110007,23060_15_05_00,23060,,
49.6905061,0.1080236,23060_15_06_00,23060,,
49.6874926,0.1059996,23060_15_07_00,23060,,
49.6845761,0.1036966,23060_15_08_00,23060,,
49.681637,0.1013814,23060_15_09_00,23060,,
49.6786697,0.0990849,23060_15_10_00,23060,,
49.6756795,0.0967887,23060_15_11_00,23060,,
49.6727038,0.09446,23060_15_12_00,23060,,
49.6668098,0.0898136,23060_15_14_00,23060,,
49.6638809,0.0874343,23060_15_15_00,23060,,
49.6609139,0.0850312,23060_15_16_00,23060,,
49.6549599,0.0802938,23060_15_18_00,23060,,
49.6460896,0.072802,23060_15_21_00,23060,,
49.634643,0.0627934,23060_15_25_00,23060,,
49.6195778,0.0497204,23060_15_31_00,23060,,
49.6173877,0.0478785,23060_15_32_00,23060,,
50.5225561,0.3662007,23063_09_07_00,23063,,
50.5139787,0.3685697,23063_09_12_00,23063,,
50.5086616,0.3693377,23063_09_15_00,23063,,
50.475074,0.3723918,23064_09_33_00,23064,,
50.4542128,0.3762922,23064_09_43_00,23064,,
50.4085122,0.3898898,23064_10_04_00,23064,,
50.406255,0.3904981,23064_10_05_00,23064,,
50.3812379,0.3997459,23064_10_17_00,23064,,
50.3681156,0.4052348,23064_10_23_00,23064,,
50.3328872,0.4120227,23064_10_38_00,23064,,
50.2870841,0.4222704,23064_10_57_00,23064,,
50.2793909,0.4237346,23064_11_00_00,23064,,
50.2731531,0.5142412,23066_12_09_00,23066,,
50.2813549,0.5307482,23066_12_13_00,23066,,
50.2955684,0.559377,23066_12_20_00,23066,,
50.3016488,0.5715353,23066_12_23_00,23066,,
50.3057523,0.5797215,23066_12_25_00,23066,,
50.3132819,0.596698,23066_12_29_00,23066,,
50.3436355,0.6717463,23066_12_46_00,23066,,
50.3947762,0.7487695,23068_14_09_00,23068,,
50.402284,0.7434128,23068_14_12_00,23068,,
50.407342,0.7397753,23068_14_14_00,23068,,
50.414847,0.7344028,23068_14_17_00,23068,,
50.4250518,0.7270631,23068_14_21_00,23068,,
50.4702868,0.6944917,23068_14_39_00,23068,,
50.5088885,0.6712168,23068_14_54_00,23068,,
50.5363945,0.7172413,23070_16_25_00,23070,,
50.6341796,1.4421727,23072_09_03_00,23072,,
50.6490663,1.4250698,23072_09_10_00,23072,,
50.6556578,1.417442,23072_09_13_00,23072,,
50.6600114,1.4124236,23072_09_15_00,23072,,
50.6644407,1.407283,23072_09_17_00,23072,,
50.668981,1.4020563,23072_09_19_00,23072,,
50.6712635,1.3993874,23072_09_20_00,23072,,
50.6735862,1.396807,23072_09_21_00,23072,,
50.6759104,1.3942363,23072_09_22_00,23072,,
50.6804089,1.388883,23072_09_24_00,23072,,
50.6849229,1.3836895,23072_09_26_00,23072,,
50.6915123,1.3759228,23072_09_29_00,23072,,
50.6959871,1.3707217,23072_09_31_00,23072,,
50.7028362,1.3628534,23072_09_34_00,23072,,
50.7051304,1.3602017,23072_09_35_00,23072,,
50.7097255,1.3549042,23072_09_37_00,23072,,
50.7120063,1.3522806,23072_09_38_00,23072,,
50.7166084,1.3469535,23072_09_40_00,23072,,
50.7189189,1.3442555,23072_09_41_00,23072,,
50.7259713,1.3360712,23072_09_44_00,23072,,
50.7330703,1.3278924,23072_09_47_00,23072,,
50.7377903,1.3223992,23072_09_49_00,23072,,
50.7425393,1.3169427,23072_09_51_00,23072,,
50.7496426,1.308744,23072_09_54_00,23072,,
50.7522114,1.3064123,23072_09_55_00,23072,,
50.7580759,1.3040388,23072_09_57_00,23072,,
50.7610506,1.3029975,23072_09_58_00,23072,,
50.7741321,1.2865023,23072_10_04_00,23072,,
50.8235934,1.3252253,23074_11_12_00,23074,,
50.8301328,1.3293107,23074_11_14_00,23074,,
50.8433121,1.3374316,23074_11_18_00,23074,,
50.8497963,1.341851,23074_11_20_00,23074,,
50.853057,1.3440047,23074_11_21_00,23074,,
50.865028,1.3521637,23074_11_25_00,23074,,
50.8677444,1.3539811,23074_11_26_00,23074,,
50.8562022,1.3417967,23075_11_54_00,23075,,
50.8315099,1.3857416,23077_13_01_00,23077,,
50.814556,1.4087477,23077_13_11_00,23077,,
50.7905785,1.46004,23077_13_28_00,23077,,
50.7878121,1.4655312,23077_13_30_00,23077,,
50.7694543,1.4999341,23077_13_43_00,23077,,
50.7680948,1.5022457,23077_13_44_00,23077,,
50.7659158,1.5064091,23077_13_46_00,23077,,
43.40313,3.8854495,24000_11_02_00,24000,,
43.3991699,3.9003811,24000_11_09_00,24000,,
43.4000152,3.9032038,24000_11_10_00,24000,,
43.4034021,3.914539,24000_11_14_00,24000,,
43.4042208,3.9173922,24000_11_15_00,24000,,
43.4133428,3.9488996,24000_11_26_00,24000,,
43.4139499,3.9518837,24000_11_27_00,24000,,
43.4153763,3.9609654,24000_11_30_00,24000,,
43.4164313,3.9732302,24001_11_34_00,24001,,
43.4163945,3.9763154,24001_11_35_00,24001,,
43.416358,3.9793976,24001_11_36_00,24001,,
43.4162484,3.9855614,24001_11_38_00,24001,,
43.4161701,3.9886382,24001_11_39_00,24001,,
43.4164623,4.0162755,24002_11_48_00,24002,,
43.416962,4.0192765,24002_11_49_00,24002,,
43.4175465,4.0222523,24002_11_50_00,24002,,
43.4203077,4.0372184,24002_11_55_00,24002,,
43.4208573,4.0402245,24002_11_56_00,24002,,
43.4214061,4.0432438,24002_11_57_00,24002,,
43.4224841,4.0493095,24002_11_59_00,24002,,
43.4230244,4.0523513,24002_12_00_00,24002,,
43.4241541,4.0583311,24002_12_02_00,24002,,
43.4247475,4.0612851,24002_12_03_00,24002,,
43.4259636,4.0671828,24002_12_05_00,24002,,
43.4265915,4.0701436,24002_12_06_00,24002,,
43.4292228,4.0819331,24002_12_10_00,24002,,
43.4298383,4.0849131,24002_12_11_00,24002,,
43.430501,4.0878731,24002_12_12_00,24002,,
43.4311685,4.0908194,24002_12_13_00,24002,,
43.4324128,4.0967176,24002_12_15_00,24002,,
43.4384073,4.1229884,24002_12_24_00,24002,,
43.4404313,4.1318402,24002_12_27_00,24002,,
43.441785,4.1376539,24002_12_29_00,24002,,
43.3507085,4.9559114,24004_05_53_00,24004,,
43.3397852,4.9672303,24004_05_59_00,24004,,
43.328991,4.9781386,24004_06_05_00,24004,,
43.3272252,4.9799311,24004_06_06_00,24004,,
43.3254555,4.981704,24004_06_07_00,24004,,
43.3132035,4.9940301,24004_06_14_00,24004,,
43.3061907,5.0011273,24004_06_18_00,24004,,
43.2991384,5.0083243,24004_06_22_00,24004,,
43.2902394,5.0173433,24004_06_27_00,24004,,
43.286648,5.02101,24004_06_29_00,24004,,
43.2016265,5.1068441,24006_09_46_00,24006,,
43.1998632,5.1086401,24006_09_47_00,24006,,
43.1766503,5.1321923,24006_10_00_00,24006,,
43.1640842,5.1446237,24006_10_07_00,24006,,
43.1553268,5.1535582,24006_10_12_00,24006,,
43.1517845,5.1571346,24006_10_14_00,24006,,
43.1412506,5.1677514,24007_10_20_00,24007,,
43.132485,5.1766448,24007_10_25_00,24007,,
43.128941,5.1802154,24007_10_27_00,24007,,
43.1253616,5.1838243,24007_10_29_00,24007,,
43.106432,5.2045706,24009_10_53_00,24009,,
43.1061982,5.2048175,24009_10_57_00,24009,,
43.1061146,5.2047346,24009_10_58_00,24009,,
43.1237281,5.1142609,24010_12_10_00,24010,,
43.0118484,4.9509624,24012_05_52_00,24012,,
43.0154467,4.9473672,24012_05_54_00,24012,,
43.0444947,4.9184011,24012_06_10_00,24012,,
43.04814,4.9147947,24012_06_12_00,24012,,
43.0554138,4.9075348,24012_06_16_00,24012,,
43.0753347,4.8875749,24012_06_27_00,24012,,
43.0807824,4.8821535,24012_06_30_00,24012,,
43.0862253,4.8767298,24012_06_33_00,24012,,
43.0934391,4.8695306,24012_06_37_00,24012,,
43.0987947,4.8640945,24012_06_40_00,24012,,
43.1005957,4.8623132,24012_06_41_00,24012,,
43.1169177,4.8458856,24014_11_42_00,24014,,
43.1187627,4.8440921,24014_11_43_00,24014,,
43.1221882,4.8406745,24014_11_45_00,24014,,
43.1308093,4.8320739,24014_11_50_00,24014,,
43.1435459,4.8191973,24015_11_57_00,24015,,
43.1617747,4.8011185,24015_12_07_00,24015,,
43.1635623,4.7993298,24015_12_08_00,24015,,
43.1709324,4.7919698,24015_12_12_00,24015,,
43.172765,4.7901272,24015_12_13_00,24015,,
43.1857315,4.7770995,24015_12_20_00,24015,,
43.1951387,4.7677477,24015_12_25_00,24015,,
43.2045785,4.7582673,24015_12_30_00,24015,,
43.2182249,4.7445126,24016_12_38_00,24016,,
43.223516,4.7392757,24016_12_41_00,24016,,
43.2290981,4.7337734,24016_12_44_00,24016,,
43.2326992,4.7300283,24016_12_46_00,24016,,
43.2345085,4.7281575,24016_12_47_00,24016,,
43.2399647,4.7226658,24016_12_50_00,24016,,
43.2417836,4.7208214,24016_12_51_00,24016,,
43.2435861,4.719035,24016_12_52_00,24016,,
43.2472023,4.7154401,24016_12_54_00,24016,,
43.24904,4.7135857,24016_12_55_00,24016,,
43.2508719,4.7117393,24016_12_56_00,24016,,
43.2545437,4.7080513,24016_12_58_00,24016,,
43.2656327,4.6969574,24016_13_04_00,24016,,
43.2692972,4.6932684,24016_13_06_00,24016,,
43.2841469,4.6786122,24018_05_15_00,24018,,
43.3021139,4.6610309,24018_05_25_00,24018,,
43.3039054,4.6592265,24018_05_26_00,24018,,
43.3074104,4.6555128,24018_05_28_00,24018,,
43.3091666,4.6536774,24018_05_29_00,24018,,
43.3109137,4.6518529,24018_05_30_00,24018,,
43.3126558,4.6500338,24018_05_31_00,24018,,
43.3143868,4.6482261,24018_05_32_00,24018,,
43.3161635,4.6465232,24018_05_33_00,24018,,
43.3197636,4.6432923,24018_05_35_00,24018,,
43.3216013,4.6418067,24018_05_36_00,24018,,
43.2985469,4.6371311,24020_06_17_00,24020,,
43.2973014,4.6344626,24020_06_18_00,24020,,
43.2960549,4.6317823,24020_06_19_00,24020,,
43.2948449,4.629074,24020_06_20_00,24020,,
43.2936188,4.6263681,24020_06_21_00,24020,,
43.2912186,4.6209226,24020_06_23_00,24020,,
43.2888393,4.6154484,24020_06_25_00,24020,,
43.2876489,4.6127024,24020_06_26_00,24020,,
43.2829948,4.6018075,24020_06_30_00,24020,,
43.2795152,4.5937936,24020_06_33_00,24020,,
43.2748622,4.5831525,24020_06_37_00,24020,,
43.2725357,4.5778093,24020_06_39_00,24020,,
43.2702125,4.572467,24020_06_41_00,24020,,
